<?xml version="1.0" encoding="UTF-8"?>
<project-private xmlns="http://www.netbeans.org/ns/project-private/1">
    <editor-bookmarks xmlns="http://www.netbeans.org/ns/editor-bookmarks/2" lastBookmarkId="0"/>
    <open-files xmlns="http://www.netbeans.org/ns/projectui-open-files/2">
        <group>
            <file>file:/C:/Users/Hamad%20Bhatti/Desktop/employee/employee/src/NumericDocumentFilter.java</file>
            <file>file:/C:/Users/Hamad%20Bhatti/Desktop/employee/employee/src/NewJFrame.java</file>
            <file>file:/C:/Users/Hamad%20Bhatti/Desktop/employee/employee/src/SignUp.java</file>
            <file>file:/C:/Users/Hamad%20Bhatti/Desktop/employee/employee/src/LogInPage.java</file>
        </group>
    </open-files>
</project-private>
